x;dx;y;dy
1;0.3;1;0.00000001
2;0.03;2;0.00000001
3;0.003;3;0.00000001
4;0.0003;4;0.00000001
5;0.00003;5;0.00000001
6;0.000003;6;0.00000001
7;0.0000003;7;0.00000001
8;0.00000003;8;0.00000001
9;0.000000003;9;0.00000001